,Award,GrammyYear,Genre,SongTitle,Artist
0,Record Of The Year,2018,General,This Is America,Childish Gambino
1,Song Of The Year,2018,General,This Is America,Childish Gambino
2,Best Pop Solo Performance,2018,Pop,Joanne (Where Do You Think You're Goin'?),Lady Gaga
3,Best Pop Duo/Group Performance,2018,Pop,Shallow,Lady Gaga & Bradley Cooper
4,Best Dance Recording,2018,Dance/Electronic Music,Electricity,Silk City & Dua Lipa Featuring Diplo & Mark Ronson
5,Best Rock Performance,2018,Rock,When Bad Does Good,Chris Cornell
6,Best Metal Performance,2018,Rock,Electric Messiah,High On Fire
7,Best Rock Song,2018,Rock,Masseduction,St. Vincent
8,Best R&B Performance,2018,R&B,Best Part,H.E.R. Featuring Daniel Caesar
9,Best Traditional R&B Performance,2018,R&B,How Deep Is Your Love,PJ Morton Featuring Yebba
10,Best R&B Song,2018,R&B,Boo'd Up,Ella Mai
11,Best Rap Performance,2018,Rap,Bubblin,Anderson .Paak
12,Best Rap/Sung Performance,2018,Rap,This Is America,Childish Gambino
13,Best Rap Song,2018,Rap,God's Plan,Drake
14,Best Country Solo Performance,2018,Country,Butterflies,Kacey Musgraves
15,Best Country Duo/Group Performance,2018,Country,Tequila,Dan   Shay
16,Best Country Song,2018,Country,Space Cowboy,Kacey Musgraves
17,Best Improvised Jazz Solo,2018,Jazz,Don't Fence Me In,"John Daversa, soloistRegina Carter, soloistFred Hersch, soloistBrad Mehldau, soloistMiguel Zenón, soloist"
18,Best Gospel Performance/Song,2018,Gospel/Contemporary Christian Music,Never Alone,"Tori Kelly Featuring Kirk Franklin; Kirk Franklin & Victoria Kelly, songwritersJekalyn Carr; Allen Carr & Jekalyn Carr, songwritersKoryn HawthorneJonathan McReynolds Featuring DOE; Jonathan McReynolds & Will Reagan, songwritersBrian Courtney Wilson; Aaron W. Lindsey, Alvin Richardson & Brian Courtney Wilson, songwriters"
19,Best Contemporary Christian Music Performance/Song,2018,Gospel/Contemporary Christian Music,You Say,"Lauren Daigle; Lauren Daigle, Jason Ingram & Paul Mabury, songwritersCory Asbury; Cory Asbury, Caleb Culver & Ran Jackson, songwritersfor KING & COUNTRY; Ben Glover, Matt Hales, Stephen Blake Kanicka, Seth Mosley, Joel Smallbone, Luke Smallbone & Tedd Tjornhom, songwritersMercyMe Featuring John Reuben; David Garcia, Ben Glover, MercyMe, Solomon Olds & John Reuben, songwritersTauren Wells; Ethan Hulse, Jordan Sapp & Tauren Wells, songwriters"
20,Best American Roots Performance,2018,American Roots Music,The Joke,Brandi Carlile
21,Best American Roots Song,2018,American Roots Music,The Joke,Brandi Carlile
22,Best Song Written For Visual Media,2018,Composing/Arranging,Shallow,Lady Gaga & Bradley Cooper
23,Record Of The Year,2017,General,24K Magic,Bruno Mars
24,Song Of The Year,2017,General,That's What I Like,Bruno Mars
25,Best Pop Solo Performance,2017,Pop,Shape Of You,Ed Sheeran
26,Best Pop Duo/Group Performance,2017,Pop,Feel It Still,Portugal. The Man
27,Best Dance Recording,2017,Dance/Electronic Music,Tonite,LCD Soundsystem
28,Best Rock Performance,2017,Rock,You Want It Darker,Leonard Cohen
29,Best Metal Performance,2017,Rock,Sultan’s Curse,Mastodon
30,Best Rock Song,2017,Rock,Run,"Dave Grohl, Taylor Hawkins, Rami Jaffee, Nate Mendel, Chris Shiflett & Pat Smear), songwriters (Foo Fighters"
31,Best R&B Performance,2017,R&B,That's What I Like,Bruno Mars
32,Best Traditional R&B Performance,2017,R&B,Redbone,Childish Gambino
33,Best R&B Song,2017,R&B,That's What I Like,Bruno Mars
34,Best Rap Performance,2017,Rap,HUMBLE.,Kendrick Lamar
35,Best Rap/Sung Performance,2017,Rap,LOYALTY.,Kendrick Lamar Featuring Rihanna
36,Best Rap Song,2017,Rap,HUMBLE.,Kendrick Lamar
37,Best Country Solo Performance,2017,Country,Either Way,Chris Stapleton
38,Best Country Duo/Group Performance,2017,Country,Better Man,Little Big Town
39,Best Country Song,2017,Country,Broken Halos,Chris Stapleton
40,Best Improvised Jazz Solo,2017,Jazz,Miles Beyond,"John McLaughlin, soloist"
41,Best Gospel Performance/Song,2017,Gospel/Contemporary Christian Music,Never Have To Be Alone,"CeCe Winans; Dwan Hill & Alvin Love III, songwriters"
42,Best Contemporary Christian Music Performance/Song,2017,Gospel/Contemporary Christian Music,What A Beautiful Name,"Hillsong Worship; Ben Fielding & Brooke Ligertwood, songwriters"
43,Best American Roots Performance,2017,American Roots Music,Killer Diller Blues,Alabama Shakes
44,Best American Roots Song,2017,American Roots Music,If We Were Vampires,Jason Isbell And The 400 Unit
45,Best Song Written For Visual Media,2017,Composing/Arranging,How Far I'll Go,Auli'i Cravalho
46,Record Of The Year,2016,General,Hello,Adele
47,Song Of The Year,2016,General,Hello,Adele
48,Best Pop Solo Performance,2016,Pop,Hello,Adele
49,Best Pop Duo/Group Performance,2016,Pop,Stressed Out,Twenty One Pilots
50,Best Dance Recording,2016,Dance/Electronic Music,Don't Let Me Down,The Chainsmokers Featuring Daya
51,Best Rock Performance,2016,Rock,Blackstar,David Bowie
52,Best Metal Performance,2016,Rock,Dystopia,Megadeth
53,Best Rock Song,2016,Rock,Blackstar,David Bowie
54,Best R&B Performance,2016,R&B,Cranes In The Sky,Solange
55,Best Traditional R&B Performance,2016,R&B,Angel,Lalah Hathaway
56,Best R&B Song,2016,R&B,Lake By The Ocean,Maxwell
57,Best Rap Performance,2016,Rap,No Problem,Chance The Rapper Featuring Lil Wayne & 2 Chainz
58,Best Rap/Sung Performance,2016,Rap,Hotline Bling,Drake
59,Best Rap Song,2016,Rap,Hotline Bling,Drake
60,Best Country Solo Performance,2016,Country,My Church,Maren Morris
61,Best Country Duo/Group Performance,2016,Country,Jolene,Pentatonix Featuring Dolly Parton
62,Best Country Song,2016,Country,Humble And Kind,Tim McGraw
63,Best Improvised Jazz Solo,2016,Jazz,I’m So Lonesome I Could Cry,"John Scofield, soloist"
64,Best Gospel Performance/Song,2016,Gospel/Contemporary Christian Music,God Provides,"Tamela Mann; Kirk Franklin, songwriter"
65,Best Contemporary Christian Music Performance/Song,2016,Gospel/Contemporary Christian Music,Thy Will,"Hillary Scott & The Scott Family; Bernie Herms, Hillary Scott & Emily Weisband, songwriters"
66,Best American Roots Performance,2016,American Roots Music,House Of Mercy,Sarah Jarosz
67,Best American Roots Song,2016,American Roots Music,Kid Sister,The Time Jumpers
68,Best Song Written For Visual Media,2016,Composing/Arranging,Can't Stop The Feeling!,"Justin Timberlake, Anna Kendrick, Gwen Stefani, James Corden, Zooey Deschanel, Walt Dohrn, Ron Funches, Caroline Hjelt, Aino Jawo, Christopher Mintz-Plasse & Kunal Nayyar"
69,Record Of The Year,2015,General,Uptown Funk,Mark Ronson Featuring Bruno Mars
70,Song Of The Year,2015,General,Thinking Out Loud,"d Sheeran & Amy Wadge, songwriters"
71,Best Pop Solo Performance,2015,Pop,Thinking Out Loud,Ed Sheeran
72,Best Pop Duo/Group Performance,2015,Pop,Uptown Funk,Mark Ronson Featuring Bruno Mars
73,Best Dance Recording,2015,Dance/Electronic Music,Where Are Ü Now,Skrillex And Diplo With Justin Bieber
74,Best Rock Performance,2015,Rock,Don't Wanna Fight,Alabama Shakes
75,Best Metal Performance,2015,Rock,Cirice,Ghost
76,Best Rock Song,2015,Rock,Don't Wanna Fight,"labama Shakes (Zac Cockrell, Heath Fogg, Brittany Howard & Steve Johnson), songwriters"
77,Best R&B Performance,2015,R&B,Earned It (Fifty Shades Of Grey),The Weeknd
78,Best Traditional R&B Performance,2015,R&B,Little Ghetto Boy,Lalah Hathaway
79,Best R&B Song,2015,R&B,Really Love,"'Angelo, Gina Figueroa & Kendra Foster, songwriters"
80,Best Rap Performance,2015,Rap,Alright,Kendrick Lamar
81,Best Rap Song,2015,Rap,Alright,"endrick Duckworth, Kawan Prather, Mark Anthony Spears & Pharrell Williams, songwriters"
82,Best Country Solo Performance,2015,Country,Traveller,Chris Stapleton
83,Best Country Duo/Group Performance,2015,Country,Girl Crush,Little Big Town
84,Best Country Song,2015,Country,Girl Crush,"illary Lindsey, Lori McKenna & Liz Rose, songwriters"
85,Best Improvised Jazz Solo,2015,Jazz,Cherokee,"Christian McBride, soloist."
86,Best Gospel Performance/Song,2015,Gospel/Contemporary Christian Music,Wanna Be Happy?,"Kirk Franklin; Kirk Franklin, songwriter"
87,Best Contemporary Christian Music Performance/Song,2015,Gospel/Contemporary Christian Music,Holy Spirit,"Francesca Battistelli, artist."
88,Best American Roots Performance,2015,American Roots Music,See That My Grave Is Kept Clean,Mavis Staples
89,Best American Roots Song,2015,American Roots Music,24 Frames,"ason Isbell, songwriter"
90,Best Song Written For Visual Media,2015,Composing/Arranging,Glory,"onnie Lynn, Che Smith & John Stephens, songwriters"
91,Record Of The Year,2014,General,Stay With Me (Darkchild Version),Sam Smith
92,Song Of The Year,2014,General,Stay With Me (Darkchild Version),Sam Smith
93,Best Pop Solo Performance,2014,Pop,Happy (Live),Pharrell Williams
94,Best Pop Duo/Group Performance,2014,Pop,Say Something,"A Great Big World (Ian Axel & Chad Vaccarino) & Christina Aguilera, artists."
95,Best Dance Recording,2014,Dance/Electronic Music,Rather Be,Clean Bandit Featuring Jess Glynne
96,Best Rock Performance,2014,Rock,Lazaretto,"Jack White, artist."
97,Best Metal Performance,2014,Rock,The Last In Line,"Tenacious D (Jack Black & Kyle Gass), artists."
98,Best Rock Song,2014,Rock,Ain't It Fun,Paramore
99,Best R&B Performance,2014,R&B,Drunk In Love,"Beyoncé & Jay Z, artists. (Beyoncé Featuring Jay Z)"
100,Best Traditional R&B Performance,2014,R&B,Jesus Children,"Lalah Hathaway, Robert Glasper Experiment (Casey Benjamin, Mark Colenburg, Robert Glasper & Derrick Hodge) & Malcolm-Jamal Warner, artists."
101,Best R&B Song,2014,R&B,Drunk In Love,
102,Best Rap Performance,2014,Rap,I,Kendrick Lamar
103,Best Rap Song,2014,Rap,I,Kendrick Lamar
104,Best Country Solo Performance,2014,Country,Something In The Water,"Carrie Underwood, artist."
105,Best Country Duo/Group Performance,2014,Country,Gentle On My Mind,"The Band Perry (Kimberly Perry, Neil Perry & Reid Perry), artists."
106,Best Country Song,2014,Country,I'm Not Gonna Miss You,Glen Campbell
107,Best Improvised Jazz Solo,2014,Jazz,Fingerprints,"Chick Corea, soloist"
108,Best Gospel Performance/Song,2014,Gospel/Contemporary Christian Music,No Greater Love,Smokie Norful
109,Best Contemporary Christian Music Performance/Song,2014,Gospel/Contemporary Christian Music,Messengers,Lecrae Featuring For King & Country
110,Best American Roots Performance,2014,American Roots Music,A Feather's Not A Bird,"Rosanne Cash, artist."
111,Best American Roots Song,2014,American Roots Music,A Feather's Not A Bird,
112,Best Song Written For Visual Media,2014,Composing/Arranging,Let It Go,Idina Menzel
113,Record Of The Year,2013,General,Get Lucky,Daft Punk Featuring Pharrell Williams & Nile Rodgers
114,Song Of The Year,2013,General,Royals,
115,Best Pop Solo Performance,2013,Pop,Royals,Lorde
116,Best Pop Duo/Group Performance,2013,Pop,Get Lucky,Daft Punk Featuring Pharrell Williams & Nile Rodgers
117,Best Dance Recording,2013,Dance/Electronic Music,Clarity,Zedd Featuring Foxes
118,Best Rock Performance,2013,Rock,Radioactive,Imagine Dragons
119,Best Metal Performance,2013,Rock,God Is Dead?,Black Sabbath
120,Best Rock Song,2013,Rock,Cut Me Some Slack,
121,Best R&B Performance,2013,R&B,Something,Snarky Puppy With Lalah Hathaway
122,Best Traditional R&B Performance,2013,R&B,Please Come Home,Gary Clark Jr.
123,Best R&B Song,2013,R&B,Pusher Love Girl,
124,Best Rap Performance,2013,Rap,Thrift Shop,Macklemore & Ryan Lewis Featuring Wanz
125,Best Rap Song,2013,Rap,Thrift Shop,
126,Best Country Solo Performance,2013,Country,Wagon Wheel,Darius Rucker
127,Best Country Duo/Group Performance,2013,Country,From This Valley,The Civil Wars
128,Best Country Song,2013,Country,Merry Go 'Round,
129,Best Improvised Jazz Solo,2013,Jazz,Orbits,"Wayne Shorter, soloist."
130,Best American Roots Song,2013,American Roots Music,Love Has Come For You,
131,Best Song Written For Visual Media,2013,Composing/Arranging,Skyfall,
132,Record Of The Year,2012,General,Somebody That I Used To Know,Gotye Featuring Kimbra
133,Song Of The Year,2012,General,We Are Young,Fun. Featuring Janelle Monáe
134,Best Pop Solo Performance,2012,Pop,Set Fire To The Rain [Live],Adele
135,Best Pop Duo/Group Performance,2012,Pop,Somebody That I Used To Know,Gotye Featuring Kimbra
136,Best Dance Recording,2012,Dance/Electronic Music,Bangarang,Skrillex Featuring Sirah
137,Best Rock Performance,2012,Rock,Lonely Boy,The Black Keys
138,Best Rock Song,2012,Rock,Lonely Boy,The Black Keys
139,Best R&B Performance,2012,R&B,Climax,Usher
140,Best Traditional R&B Performance,2012,R&B,Love On Top,Beyoncé
141,Best R&B Song,2012,R&B,Adorn,Miguel
142,Best Rap Performance,2012,Rap,N****s In Paris,Jay-Z & Kanye West
143,Best Rap Song,2012,Rap,N****s In Paris,"W.A. Donaldson, songwriter) (Jay-Z & Kanye West"
144,Best Country Solo Performance,2012,Country,Blown Away,Carrie Underwood
145,Best Country Duo/Group Performance,2012,Country,Pontoon,Little Big Town
146,Best Country Song,2012,Country,Blown Away,Carrie Underwood
147,Best Improvised Jazz Solo,2012,Jazz,Hot House,"Chick Corea, soloists"
148,Best Song Written For Visual Media,2012,Composing/Arranging,Safe & Sound (From The Hunger Games),
149,Record Of The Year,2011,General,Rolling In The Deep,Adele
150,Song Of The Year,2011,General,Rolling In The Deep,Adele
151,Best Pop Solo Performance,2011,Pop,Someone Like You,Adele
152,Best Pop Duo/Group Performance,2011,Pop,Body And Soul,Tony Bennett & Amy Winehouse
153,Best Dance Recording,2011,Dance/Electronic Music,Scary Monsters And Nice Sprites,Skrillex
154,Best Rock Performance,2011,Rock,Walk,Foo Fighters
155,Best Rock Song,2011,Rock,Walk,Foo Fighters
156,Best R&B Performance,2011,R&B,Is This Love,Corinne Bailey Rae
157,Best Traditional R&B Performance,2011,R&B,Fool For You,Cee Lo Green & Melanie Fiona
158,Best R&B Song,2011,R&B,Fool For You,Cee Lo Green & Melanie Fiona
159,Best Rap Performance,2011,Rap,Otis,Jay-Z & Kanye West
160,Best Rap Song,2011,Rap,All Of The Lights,"Kanye West, Rihanna, Kid Cudi & Fergie"
161,Best Country Solo Performance,2011,Country,Mean,Taylor Swift
162,Best Country Duo/Group Performance,2011,Country,Barton Hollow,The Civil Wars
163,Best Country Song,2011,Country,Mean,Taylor Swift
164,Best Improvised Jazz Solo,2011,Jazz,500 Miles High,"Chick Corea, soloist"
165,Best Song Written For Visual Media,2011,Composing/Arranging,I See The Light (From Tangled),Mandy Moore & Zachary Levi
166,Record Of The Year,2010,General,Need You Now,Lady Antebellum
167,Song Of The Year,2010,General,Need You Now,Lady Antebellum
168,Best Dance Recording,2010,Dance/Electronic Music,Only Girl (In The World),Rihanna
169,Best Metal Performance,2010,Rock,El Dorado,Iron Maiden
170,Best Rock Song,2010,Rock,Angry World,Neil Young
171,Best R&B Song,2010,R&B,Shine,John Legend & The Roots
172,Best Rap Song,2010,Rap,Empire State Of Mind,"Burt Keyes & Sylvia Robinson, songwriters"
173,Best Country Song,2010,Country,Need You Now,Lady Antebellum
174,Best Improvised Jazz Solo,2010,Jazz,A Change Is Gonna Come,"Herbie Hancock, soloist"
175,Record Of The Year,2009,General,Use Somebody,Kings Of Leon
176,Song Of The Year,2009,General,Single Ladies (Put A Ring On It),Beyoncé
177,Best Dance Recording,2009,Dance/Electronic Music,Poker Face,Lady Gaga
178,Best Metal Performance,2009,Rock,Dissident Aggressor,Judas Priest
179,Best Rock Song,2009,Rock,Use Somebody,Kings Of Leon
180,Best R&B Song,2009,R&B,Single Ladies (Put A Ring On It),Beyoncé
181,Best Rap Song,2009,Rap,Run This Town,"Jay-Z), Robyn Fenty, Kanye West & Ernest Wilson, songwriters (Athanasios Alatas, songwriter) (Jay-Z, Rihanna & Kanye West"
182,Best Country Song,2009,Country,White Horse,Taylor Swift
183,Best Improvised Jazz Solo,2009,Jazz,Dancin' 4 Chicken,"Terence Blanchard, soloist"
184,Record Of The Year,2008,General,Please Read The Letter,Alison Krauss
185,Song Of The Year,2008,General,Viva La Vida,Coldplay
186,Best Dance Recording,2008,Dance/Electronic Music,Harder Better Faster Stronger,Daft Punk
187,Best Metal Performance,2008,Rock,My Apocalypse,Metallica
188,Best Rock Song,2008,Rock,Girls In Their Summer Clothes,Bruce Springsteen
189,Best R&B Song,2008,R&B,Miss Independent,Ne-Yo
190,Best Rap Song,2008,Rap,Lollipop,Lil Wayne Featuring Static Major
191,Best Country Song,2008,Country,Stay,Sugarland
192,Record Of The Year,2007,General,Rehab,Amy Winehouse
193,Song Of The Year,2007,General,Rehab,Amy Winehouse
194,Best Dance Recording,2007,Dance/Electronic Music,LoveStoned/I Think She Knows,Justin Timberlake
195,Best Metal Performance,2007,Rock,Final Six,Slayer
196,Best Rock Song,2007,Rock,Radio Nowhere,Bruce Springsteen
197,Best R&B Song,2007,R&B,No One,Alicia Keys
198,Best Rap Song,2007,Rap,Good Life,Kanye West Featuring T-Pain
199,Best Country Song,2007,Country,Before He Cheats,Carrie Underwood
200,Record Of The Year,2006,General,Not Ready To Make Nice,Dixie Chicks
201,Song Of The Year,2006,General,Not Ready To Make Nice,Dixie Chicks
202,Best Dance Recording,2006,Dance/Electronic Music,Sexy Back,Justin Timberlake & Timbaland
203,Best Metal Performance,2006,Rock,Eyes Of The Insane,Slayer
204,Best Rock Song,2006,Rock,Dani California,Red Hot Chili Peppers
205,Best R&B Song,2006,R&B,Be Without You,Mary J. Blige
206,Best Rap Song,2006,Rap,Money Maker,Ludacris Featuring Pharrell
207,Best Country Song,2006,Country,"Jesus, Take The Wheel",Carrie Underwood
208,Record Of The Year,2005,General,Boulevard Of Broken Dreams,Green Day
209,Song Of The Year,2005,General,Sometimes You Can't Make It On Your Own,"Bono, Adam Clayton, Edge, Larry Mullen Jr.), songwriters (U2"
210,Best Dance Recording,2005,Dance/Electronic Music,Galvanize,The Chemical Brothers Featuring Q-Tip
211,Best Metal Performance,2005,Rock,Before I Forget,Slipknot
212,Best Rock Song,2005,Rock,City Of Blinding Lights,"Bono, Adam Clayton, Edge, Larry Mullen Jr.), songwriter (U2"
213,Best R&B Song,2005,R&B,We Belong Together,Mariah Carey
214,Best Rap Song,2005,Rap,Diamonds From Sierra Leone,Kanye West
215,Best Country Song,2005,Country,Bless The Broken Road,Rascal Flatts
216,Record Of The Year,2004,General,Here We Go Again,Norah Jones
217,Song Of The Year,2004,General,Daughters,John Mayer
218,Best Dance Recording,2004,Dance/Electronic Music,Toxic,Britney Spears
219,Best Metal Performance,2004,Rock,Whiplash,Motörhead
220,Best Rock Song,2004,Rock,Vertigo,"Bono, Adam Clayton, The Edge, Larry Mullen, Jr.), songwriter (U2"
221,Best R&B Song,2004,R&B,You Don't Know My Name,Alicia Keys
222,Best Rap Song,2004,Rap,Jesus Walks,Kanye West
223,Best Country Song,2004,Country,Live Like You Were Dying,Tim McGraw
224,Record Of The Year,2003,General,Clocks,Coldplay
225,Song Of The Year,2003,General,Dance With My Father,Luther Vandross
226,Best Dance Recording,2003,Dance/Electronic Music,Come Into My World,Kylie Minogue
227,Best Metal Performance,2003,Rock,St. Anger,Metallica
228,Best Rock Song,2003,Rock,Seven Nation Army,The White Stripes
229,Best R&B Song,2003,R&B,Crazy In Love,
230,Best Rap Song,2003,Rap,Lose Yourself,Eminem
231,Best Country Song,2003,Country,It's Five O'Clock Somewhere,Alan Jackson & Jimmy Buffett
232,Record Of The Year,2002,General,Don't Know Why,Norah Jones
233,Song Of The Year,2002,General,Don't Know Why,Norah Jones
234,Best Dance Recording,2002,Dance/Electronic Music,Days Go By,Dirty Vegas
235,Best Metal Performance,2002,Rock,Here To Stay,Korn
236,Best Rock Song,2002,Rock,The Rising,Bruce Springsteen
237,Best R&B Song,2002,R&B,Love Of My Life (An Ode To Hip Hop),Erykah Badu Featuring Common
238,Best Country Song,2002,Country,Where Were You (When The World Stopped Turning),Alan Jackson
239,Record Of The Year,2001,General,Walk On,U2
240,Song Of The Year,2001,General,Fallin',Alicia Keys
241,Best Dance Recording,2001,Pop,All For You,Janet Jackson
242,Best Metal Performance,2001,Rock,Schism,Tool
243,Best Rock Song,2001,Rock,Drops Of Jupiter,Train
244,Best R&B Song,2001,R&B,Fallin',Alicia Keys
245,Best Country Song,2001,Country,The Lucky One,Alison Krauss & Union Station
246,Record Of The Year,2000,General,Beautiful Day,U2
247,Song Of The Year,2000,General,Beautiful Day,"Bono, Adam Clayton, Edge, Larry Mullen Jr.), songwriter (U2"
248,Best Dance Recording,2000,Pop,Who Let The Dogs Out,Baha Men
249,Best Metal Performance,2000,Rock,Elite,Deftones
250,Best Rock Song,2000,Rock,With Arms Wide Open,Creed
251,Best R&B Song,2000,R&B,Say My Name,Destiny's Child
252,Best Country Song,2000,Country,I Hope You Dance,Lee Ann Womack
253,Record Of The Year,1999,General,Smooth,Santana Featuring Rob Thomas
254,Song Of The Year,1999,General,Smooth,Santana Featuring Rob Thomas
255,Best Dance Recording,1999,Pop,Believe,Cher
256,Best Metal Performance,1999,Rock,Iron Man,Black Sabbath
257,Best Rock Song,1999,Rock,Scar Tissue,Red Hot Chili Peppers
258,Best Country Song,1999,Country,Come On Over,Shania Twain
