,Title,Artist,Status,Label
0, GOD'S COUNTRY,BLAKE SHELTON,Gold, WARNER MUSIC NASHVILLE
1, PUT A DATE ON IT,YO GOTTI,1x Platinum, EPIC
2, SUCKER,JONAS BROTHERS,1x Platinum, REPUBLIC RECORDS
3, UPROAR,LIL WAYNE,1x Platinum, YOUNG MONEY RECORDS
4,DOWN TO THE HONKYTONK,JAKE OWEN,Gold, BIG LOUD RECORDS
5,MIDDLE CHILD,J. COLE,3x Multi-Platinum, DREAMVILLE / ROC NATION
6,WHAT'S FREE (FEAT. RICK ROSS & JAY Z),MEEK MILL,Gold, MMG / ATLANTIC RECORDS
7,CHLORINE,TWENTY ONE PILOTS,Gold, FUELED BY RAMEN
8,SELF CARE,MAC MILLER,1x Platinum, WARNER RECORDS
9,ON MY WAY TO YOU,CODY JOHNSON,Gold, COJO MUSIC / WARNER MUSIC NASHVILLE
10,CONTRA LA PARED,SEAN PAUL,2x Multi-Platinum, AN ISLAND RECORD / UNIVERSAL MUSIC LATINO
11,BULLETPROOF,GODSMACK,Gold, BMG RIGHTS MANAGEMENT U.S.
12,ON ME (FEAT. CARDI B),MEEK MILL,Gold, ATLANTIC RECORDS
13,UPTOWN VIBES (FEAT. FABOLOUS & ANUEL AA),MEEK MILL,Gold, ATLANTIC RECORDS
14,DANGEROUS (FEAT. JEREMIH & PNB ROCK),MEEK MILL,1x Platinum, ATLANTIC RECORDS
15,24/7,MEEK MILL,Gold, ATLANTIC RECORDS
16,LEVEL UP,CIARA,Gold, BEAUTY MARKS ENTERTAINMENT
17,SUMMERTIME MAGIC,CHILDISH GAMBINO,Gold, WOLF+ROTHSTEIN / RCA RECORDS
18,FEELS LIKE SUMMER,CHILDISH GAMBINO,Gold, WOLF+ROTHSTEIN / RCA RECORDS
19,JUMPSUIT,TWENTY ONE PILOTS,Gold, FUELED BY RAMEN
20,NO STYLIST (FEAT. DRAKE),FRENCH MONTANA,1x Platinum, EPIC
21,MY BLOOD,TWENTY ONE PILOTS,Gold, FUELED BY RAMEN
22,WAKE UP IN THE SKY (FEAT. BRUNO MARS & KODAK BLACK),GUCCI MANE,3x Multi-Platinum, ATLANTIC RECORDS
23,ME TOO,KEVIN GATES,Gold, BREAD WINNERS ASSOCIATION / ATLANTIC RECORDS
24,GOING BAD (FEAT. DRAKE),MEEK MILL,2x Multi-Platinum, MMG / ATLANTIC RECORDS
25,FR FR (FEAT. LIL SKIES),WIZ KHALIFA,Gold, ATLANTIC RECORDS
26,MAJOR (FEAT. KEY GLOCK),YOUNG DOLPH,Gold, PAPER ROUTE / EMPIRE
27,CALMA,PEDRO CAPO,2x Multi-Platinum, SONY LATIN
28,"NO BRAINER (FEAT. JUSTIN BIEBER, CHANCE THE RAPPER, & QUAVO)",DJ KHALED,1x Platinum, EPIC
29,BARBIE DREAMS,NICKI MINAJ,Gold, YOUNG MONEY / CASH MONEY / REPUBLIC RECORDS