,Unnamed: 0,Song,Artist,Section,Progression,EndDifferent,NumSectionChords,nonDiatonicChords,extendedChords
0,0,Vertigo,Khalid,Intro,I-VI#-ii-I-v-ii-I,,4,2,0
1,1,Vertigo,Khalid,Verse ,VI#-ii-I-v-ii-I,,4,2,0
2,2,Vertigo,Khalid,Pre-Chorus,v-ii-I,,3,1,0
3,3,Vertigo,Khalid,Chorus,I-VI#-ii-I-v-ii-I,,4,2,0
4,4,Vertigo,Khalid,Interlude,I-VI#-ii-I-v-ii-I,,4,2,0
5,5,Vertigo,Khalid,Outro,I-VI#-ii-I-v-ii-I,,4,2,0
0,0,Xanny,Billie Eilish,Verse ,I-V-ii-iv,,4,1,0
1,1,Xanny,Billie Eilish,Chorus,vi-V#-I-II-ii,,5,2,1
2,2,Xanny,Billie Eilish,Bridge,ii-V-vi-V#-I-IV#,V#-I-IV#-ii-V,7,4,1
3,3,Xanny,Billie Eilish,Outro,I-V-ii,V#,5,1,0
0,0,Bury A Friend,Billie Eilish,Intro,vi,,1,0,0
1,1,Bury A Friend,Billie Eilish,Chorus,vi-ii-III-vi,III,3,2,0
2,2,Bury A Friend,Billie Eilish,Verse ,vi,,1,0,0
3,3,Bury A Friend,Billie Eilish,Pre-Chorus,vi-ii-III-vi,vi,3,1,0
4,4,Bury A Friend,Billie Eilish,Bridge,vi-ii-III-vi,,3,1,0
0,0,Ocean Eyes,Billie Eilish,Intro,I-II-iii-V-I,,4,1,1
1,1,Ocean Eyes,Billie Eilish,Verse ,I-II-iii,I,4,1,1
2,2,Ocean Eyes,Billie Eilish,Chorus,I-II-iii,I,4,1,1
0,0,Better,Khalid,Intro,IV-vi-V-iii,,4,0,1
1,1,Better,Khalid,Verse ,IV-vi-V-iii,V,4,0,1
2,2,Better,Khalid,Chorus,iii-IV-vi-V,V-ii,5,0,1
3,3,Better,Khalid,Bridge,IV-vi-V,,3,0,1
4,4,Better,Khalid,Outro,IV-vi-V-iii,,4,0,1
0,0,idontwannabeyouanymore,Billie Eilish,Intro,I-V-vi-V,,3,0,4
1,1,idontwannabeyouanymore,Billie Eilish,Verse ,I-V-vi-V-I-V-vi-II,,5,1,8
2,2,idontwannabeyouanymore,Billie Eilish,Chorus,I-V-vi-VII-I-V-vi-II-I-VII-iii,,7,3,10
0,0,Location,Khalid,Chorus,vi-iii-IV-ii,,4,0,0
1,1,Location,Khalid,Verse ,vi-iii-IV-ii,,4,0,0
2,2,Location,Khalid,Outro,vi-iii-IV-ii,,4,0,0
0,0,Listen Before I Go,Billie Eilish,Verse ,IV-III-vi-I,,4,1,4
1,1,Listen Before I Go,Billie Eilish,Pre-Chorus,IV-III-vi-I,,4,1,4
2,2,Listen Before I Go,Billie Eilish,Chorus,IV-III-vi-I-IV-III-vi,,5,2,6
3,3,Listen Before I Go,Billie Eilish,Outro,ii-V-I-IV,,4,0,1
0,0,Young Dumb & Broke,Khalid,Intro,I#,,1,1,0
1,1,Young Dumb & Broke,Khalid,Verse ,I#,V#,3,2,0
2,2,Young Dumb & Broke,Khalid,Chorus,I#,V#,3,2,0
3,3,Young Dumb & Broke,Khalid,Bridge,I#-vi#-V#,,3,3,0
0,0,Ilomilo,Billie Eilish,Verse ,ii-vi,,2,0,0
1,1,Ilomilo,Billie Eilish,Chorus,vi,,3,0,0
2,2,Ilomilo,Billie Eilish,Bridge,vi-iii-ii-vi,,3,0,0
3,3,Ilomilo,Billie Eilish,Outro,vi,,3,0,0
0,0,Bad Luck,Khalid,Verse ,IV-vi-I-ii-vi-IV-vi-V-I-IV,,5,0,0
1,1,Bad Luck,Khalid,Pre-Chorus,IV-vi-I-ii-vi-IV-vi-V-I-IV,IV-vi-I-ii-vi-IV-vi-V,5,0,0
2,2,Bad Luck,Khalid,Chorus,I-IV-vi-I-ii-vi-IV-vi-V-I,IV-vi-V-I-IV,5,0,0
3,3,Bad Luck,Khalid,Outro,I-ii-vi-IV-vi-V-I-IV,,5,0,0
0,0,My Strange Addiction,Billie Eilish,Verse ,vi-IV-ii-vi,,3,0,0
1,1,My Strange Addiction,Billie Eilish,Pre-Chorus ,vi-IV-ii-vi,ii,3,0,0
2,2,My Strange Addiction,Billie Eilish,Chorus ,vi-IV-ii-vi,ii,3,0,0
3,3,My Strange Addiction,Billie Eilish,Bridge,vi,,1,0,0
0,0,8,Billie Eilish,Verse ,I-ii-V,,4,0,1
1,1,8,Billie Eilish,Chorus ,I-ii-V,,4,0,1
0,0,All The Good Girls Go To Hell,Billie Eilish,Verse ,vi-IV-ii-III,,4,1,1
1,1,All The Good Girls Go To Hell,Billie Eilish,Pre-Chorus ,vi-IV-ii-III,,4,1,1
2,2,All The Good Girls Go To Hell,Billie Eilish,Chorus ,vi-IV-ii-III,,4,1,1
3,3,All The Good Girls Go To Hell,Billie Eilish,Post-Chorus ,vi-IV-ii-III,,4,1,1
4,4,All The Good Girls Go To Hell,Billie Eilish,Outro,vi-IV-ii-III,,4,1,1
0,0,You Should See Me In A Crown,Billie Eilish,Intro,I-III-vii-V,,4,2,0
1,1,You Should See Me In A Crown,Billie Eilish,Verse ,III-I-V-I,V,3,1,0
2,2,You Should See Me In A Crown,Billie Eilish,Chorus,III-vii-III,,2,3,0
0,0,Talk,Khalid,Intro,I-iii-ii-iii-ii,IV,5,0,6
1,1,Talk,Khalid,Chorus,I-iii-ii-iii-ii,IV,5,0,6
2,2,Talk,Khalid,Verse ,I-iii-ii-iii-ii,IV-I-iii,5,0,6
3,3,Talk,Khalid,Outro,I-iii-ii-iii-ii,,5,0,4
0,0,Bad Guy,Billie Eilish,Intro,vi-ii-III,,3,1,1
1,1,Bad Guy,Billie Eilish,Verse ,vi-ii-III,,3,1,1
2,2,Bad Guy,Billie Eilish,Chorus ,vi-ii-III,,3,1,1
3,3,Bad Guy,Billie Eilish,Post-Chorus ,vi-ii-III,,3,1,1
4,4,Bad Guy,Billie Eilish,Interlude,vi,,1,0,0
5,5,Bad Guy,Billie Eilish,Outro,vi,,1,0,0
0,0,Wish You Were Gay,Billie Eilish,Verse ,vi-II-V-iii,,4,1,1
1,1,Wish You Were Gay,Billie Eilish,Chorus,vi-II-V-iii,,4,1,1
2,2,Wish You Were Gay,Billie Eilish,Bridge,vi-II-V-iii,,4,1,1
0,0,I Love You,Billie Eilish,Intro,IV-I,,2,0,1
1,1,I Love You,Billie Eilish,Verse ,IV-I,,3,0,1
2,2,I Love You,Billie Eilish,Chorus,IV-ii-V-vi-I-IV-I,,6,0,1
3,3,I Love You,Billie Eilish,Bridge,ii-V-IV,,3,0,0
4,4,I Love You,Billie Eilish,Outro,IV-ii-V-vi-I-IV-I-IV-I-IV-I,,6,0,1
0,0,Right Back,Khalid,Intro,I-IV-III-vi,III-VIb-vi,7,3,2
1,1,Right Back,Khalid,Verse ,I-IV-III-vi,III-VIb-vi,7,3,2
2,2,Right Back,Khalid,Chorus,I-IV-III-vi,III-VIb-vi,7,3,2
3,3,Right Back,Khalid,Bridge,IV-I,vi,7,0,0
0,0,You Need To Calm Down,Taylor Swift,Intro,I,IV,2,0,0
1,1,You Need To Calm Down,Taylor Swift,Verse ,I,IV,2,0,0
2,2,You Need To Calm Down,Taylor Swift,Pre-Chorus ,I,V,3,0,0
3,3,You Need To Calm Down,Taylor Swift,Chorus,I,,2,0,0
4,4,You Need To Calm Down,Taylor Swift,Bridge,I-IV,,2,0,0
